{
  "Color": {
    "r": 0.09365724,
    "g": 0.220208839,
    "b": 0.7264151,
    "a": 1.0
  }
}