{
  "Color": {
    "r": 0.03152053,
    "g": 0.6698113,
    "b": 0.0,
    "a": 1.0
  }
}