{
  "color": {
    "r": 1.0,
    "g": 0.147798657,
    "b": 0.147798657,
    "a": 0.0
  }
}