{"cameraMode":{"drawMode":0,"name":"Shaded","section":"Shading Mode"},"sceneLighting":false,"audioPlay":false,"sceneViewState":{"m_AlwaysRefresh":false,"showFog":true,"showSkybox":false,"showFlares":true,"showImageEffects":true,"showParticleSystems":true,"showVisualEffectGraphs":true,"m_FxEnabled":true},"in2DMode":false,"pivot":{"x":1.165825366973877,"y":-0.5923940539360046,"z":-5.1301469802856449},"rotation":{"x":0.06414471566677094,"y":-0.006888408679515123,"z":-0.00044444503146223724,"w":-0.9979233741760254},"size":3.902776002883911,"orthographic":false}