{"cameraMode":{"drawMode":0,"name":"Shaded","section":"Shading Mode"},"sceneLighting":false,"audioPlay":false,"sceneViewState":{"m_AlwaysRefresh":false,"showFog":true,"showSkybox":false,"showFlares":true,"showImageEffects":true,"showParticleSystems":true,"showVisualEffectGraphs":true,"m_FxEnabled":true},"in2DMode":false,"pivot":{"x":18.40848159790039,"y":1.8664486408233643,"z":-7.240970134735107},"rotation":{"x":-0.00042112389928661287,"y":0.9993116855621338,"z":-0.01199231669306755,"w":-0.03509209305047989},"size":2.643939256668091,"orthographic":true}