{"cameraMode":{"drawMode":0,"name":"Shaded","section":"Shading Mode"},"sceneLighting":true,"audioPlay":false,"sceneViewState":{"m_AlwaysRefresh":false,"showFog":true,"showSkybox":true,"showFlares":true,"showImageEffects":true,"showParticleSystems":true,"showVisualEffectGraphs":true,"m_FxEnabled":true},"in2DMode":false,"pivot":{"x":-2.1025452613830568,"y":-2.5238800048828127,"z":3.6136856079101564},"rotation":{"x":0.10749697685241699,"y":-0.10477732121944428,"z":0.011389320716261864,"w":0.9886203408241272},"size":12.491443634033204,"orthographic":false}