{"cameraMode":{"drawMode":0,"name":"Shaded","section":"Shading Mode"},"sceneLighting":true,"audioPlay":false,"sceneViewState":{"m_AlwaysRefresh":false,"showFog":true,"showSkybox":true,"showFlares":true,"showImageEffects":true,"showParticleSystems":true,"showVisualEffectGraphs":true,"m_FxEnabled":true},"in2DMode":false,"pivot":{"x":1.7781195640563965,"y":-0.08545351028442383,"z":-6.738031387329102},"rotation":{"x":-0.20287565886974336,"y":0.1177658885717392,"z":-0.024585554376244546,"w":-0.9717864394187927},"size":3.006218433380127,"orthographic":false}