{"cameraMode":{"drawMode":0,"name":"Shaded","section":"Shading Mode"},"sceneLighting":true,"audioPlay":false,"sceneViewState":{"m_AlwaysRefresh":false,"showFog":true,"showSkybox":true,"showFlares":true,"showImageEffects":true,"showParticleSystems":true,"showVisualEffectGraphs":true,"m_FxEnabled":true},"in2DMode":false,"pivot":{"x":5.3294830322265629,"y":1.2196298837661744,"z":-0.29098963737487795},"rotation":{"x":-0.002979486482217908,"y":-0.11673281341791153,"z":-0.00035020557697862387,"w":0.9931597709655762},"size":1.712759256362915,"orthographic":false}