{"cameraMode":{"drawMode":0,"name":"Shaded","section":"Shading Mode"},"sceneLighting":true,"audioPlay":false,"sceneViewState":{"m_AlwaysRefresh":false,"showFog":true,"showSkybox":true,"showFlares":true,"showImageEffects":true,"showParticleSystems":true,"showVisualEffectGraphs":true,"m_FxEnabled":true},"in2DMode":false,"pivot":{"x":-19.624820709228517,"y":26.002357482910158,"z":32.64976501464844},"rotation":{"x":0.11167603731155396,"y":-0.18899692595005036,"z":0.021639514714479448,"w":0.9753673076629639},"size":81.88046264648438,"orthographic":false}